bytes,content-type,elapsed,endpoint,resource,status,entry-date,start-date,end-date
172,text/plain; charset=utf-8,0.128,c889dd9321cf0fdcf2d2caf2be0d92cff0ec9b18a616881d108f2518c5231edc,8a7ca8f075dcf1fbe623ce58c3b71e806611e4fb623b95e7b44f8f5a8c4856e3,200,2021-09-10T10:30:01.167402,,
172,text/plain; charset=utf-8,0.098,c889dd9321cf0fdcf2d2caf2be0d92cff0ec9b18a616881d108f2518c5231edc,8a7ca8f075dcf1fbe623ce58c3b71e806611e4fb623b95e7b44f8f5a8c4856e3,200,2021-09-11T00:57:45.234203,,
172,text/plain; charset=utf-8,0.119,c889dd9321cf0fdcf2d2caf2be0d92cff0ec9b18a616881d108f2518c5231edc,8a7ca8f075dcf1fbe623ce58c3b71e806611e4fb623b95e7b44f8f5a8c4856e3,200,2021-09-12T01:01:31.656641,,
172,text/plain; charset=utf-8,0.129,c889dd9321cf0fdcf2d2caf2be0d92cff0ec9b18a616881d108f2518c5231edc,8a7ca8f075dcf1fbe623ce58c3b71e806611e4fb623b95e7b44f8f5a8c4856e3,200,2021-09-13T01:01:18.808514,,
172,text/plain; charset=utf-8,0.126,c889dd9321cf0fdcf2d2caf2be0d92cff0ec9b18a616881d108f2518c5231edc,8a7ca8f075dcf1fbe623ce58c3b71e806611e4fb623b95e7b44f8f5a8c4856e3,200,2021-09-14T01:03:23.685286,,
172,text/plain; charset=utf-8,0.126,c889dd9321cf0fdcf2d2caf2be0d92cff0ec9b18a616881d108f2518c5231edc,8a7ca8f075dcf1fbe623ce58c3b71e806611e4fb623b95e7b44f8f5a8c4856e3,200,2021-09-15T00:58:35.941914,,
172,text/plain; charset=utf-8,0.129,c889dd9321cf0fdcf2d2caf2be0d92cff0ec9b18a616881d108f2518c5231edc,8a7ca8f075dcf1fbe623ce58c3b71e806611e4fb623b95e7b44f8f5a8c4856e3,200,2021-09-16T01:02:42.956779,,
172,text/plain; charset=utf-8,0.132,c889dd9321cf0fdcf2d2caf2be0d92cff0ec9b18a616881d108f2518c5231edc,8a7ca8f075dcf1fbe623ce58c3b71e806611e4fb623b95e7b44f8f5a8c4856e3,200,2021-09-17T01:05:19.849501,,
172,text/plain; charset=utf-8,0.105,c889dd9321cf0fdcf2d2caf2be0d92cff0ec9b18a616881d108f2518c5231edc,8a7ca8f075dcf1fbe623ce58c3b71e806611e4fb623b95e7b44f8f5a8c4856e3,200,2021-09-18T00:57:52.009537,,
172,text/plain; charset=utf-8,0.194,c889dd9321cf0fdcf2d2caf2be0d92cff0ec9b18a616881d108f2518c5231edc,8a7ca8f075dcf1fbe623ce58c3b71e806611e4fb623b95e7b44f8f5a8c4856e3,200,2021-09-19T01:00:42.526137,,
172,text/plain; charset=utf-8,0.107,c889dd9321cf0fdcf2d2caf2be0d92cff0ec9b18a616881d108f2518c5231edc,8a7ca8f075dcf1fbe623ce58c3b71e806611e4fb623b95e7b44f8f5a8c4856e3,200,2021-09-20T01:02:29.608949,,
172,text/plain; charset=utf-8,0.1,c889dd9321cf0fdcf2d2caf2be0d92cff0ec9b18a616881d108f2518c5231edc,8a7ca8f075dcf1fbe623ce58c3b71e806611e4fb623b95e7b44f8f5a8c4856e3,200,2021-09-21T01:00:48.656563,,
172,text/plain; charset=utf-8,0.115,c889dd9321cf0fdcf2d2caf2be0d92cff0ec9b18a616881d108f2518c5231edc,8a7ca8f075dcf1fbe623ce58c3b71e806611e4fb623b95e7b44f8f5a8c4856e3,200,2021-09-22T01:01:49.396392,,
172,text/plain; charset=utf-8,0.137,c889dd9321cf0fdcf2d2caf2be0d92cff0ec9b18a616881d108f2518c5231edc,8a7ca8f075dcf1fbe623ce58c3b71e806611e4fb623b95e7b44f8f5a8c4856e3,200,2021-09-23T01:04:02.161637,,
172,text/plain; charset=utf-8,0.183,c889dd9321cf0fdcf2d2caf2be0d92cff0ec9b18a616881d108f2518c5231edc,8a7ca8f075dcf1fbe623ce58c3b71e806611e4fb623b95e7b44f8f5a8c4856e3,200,2021-09-24T01:00:35.683181,,
172,text/plain; charset=utf-8,0.117,c889dd9321cf0fdcf2d2caf2be0d92cff0ec9b18a616881d108f2518c5231edc,8a7ca8f075dcf1fbe623ce58c3b71e806611e4fb623b95e7b44f8f5a8c4856e3,200,2021-09-25T00:59:09.406216,,
172,text/plain; charset=utf-8,0.12,c889dd9321cf0fdcf2d2caf2be0d92cff0ec9b18a616881d108f2518c5231edc,8a7ca8f075dcf1fbe623ce58c3b71e806611e4fb623b95e7b44f8f5a8c4856e3,200,2021-09-26T01:01:54.252634,,
172,text/plain; charset=utf-8,0.147,c889dd9321cf0fdcf2d2caf2be0d92cff0ec9b18a616881d108f2518c5231edc,8a7ca8f075dcf1fbe623ce58c3b71e806611e4fb623b95e7b44f8f5a8c4856e3,200,2021-09-27T00:59:36.211271,,
172,text/plain; charset=utf-8,0.164,c889dd9321cf0fdcf2d2caf2be0d92cff0ec9b18a616881d108f2518c5231edc,8a7ca8f075dcf1fbe623ce58c3b71e806611e4fb623b95e7b44f8f5a8c4856e3,200,2021-09-28T01:01:04.292296,,
172,text/plain; charset=utf-8,0.141,c889dd9321cf0fdcf2d2caf2be0d92cff0ec9b18a616881d108f2518c5231edc,8a7ca8f075dcf1fbe623ce58c3b71e806611e4fb623b95e7b44f8f5a8c4856e3,200,2021-09-29T01:00:31.734559,,
172,text/plain; charset=utf-8,0.141,c889dd9321cf0fdcf2d2caf2be0d92cff0ec9b18a616881d108f2518c5231edc,8a7ca8f075dcf1fbe623ce58c3b71e806611e4fb623b95e7b44f8f5a8c4856e3,200,2021-09-30T01:05:17.787132,,
172,text/plain; charset=utf-8,0.238,c889dd9321cf0fdcf2d2caf2be0d92cff0ec9b18a616881d108f2518c5231edc,8a7ca8f075dcf1fbe623ce58c3b71e806611e4fb623b95e7b44f8f5a8c4856e3,200,2021-10-01T01:05:06.089741,,
172,text/plain; charset=utf-8,0.128,c889dd9321cf0fdcf2d2caf2be0d92cff0ec9b18a616881d108f2518c5231edc,8a7ca8f075dcf1fbe623ce58c3b71e806611e4fb623b95e7b44f8f5a8c4856e3,200,2021-10-02T00:59:20.151120,,
172,text/plain; charset=utf-8,0.129,c889dd9321cf0fdcf2d2caf2be0d92cff0ec9b18a616881d108f2518c5231edc,8a7ca8f075dcf1fbe623ce58c3b71e806611e4fb623b95e7b44f8f5a8c4856e3,200,2021-10-03T01:06:13.640068,,
172,text/plain; charset=utf-8,0.115,c889dd9321cf0fdcf2d2caf2be0d92cff0ec9b18a616881d108f2518c5231edc,8a7ca8f075dcf1fbe623ce58c3b71e806611e4fb623b95e7b44f8f5a8c4856e3,200,2021-10-04T01:05:32.455357,,
172,text/plain; charset=utf-8,0.12,c889dd9321cf0fdcf2d2caf2be0d92cff0ec9b18a616881d108f2518c5231edc,8a7ca8f075dcf1fbe623ce58c3b71e806611e4fb623b95e7b44f8f5a8c4856e3,200,2021-10-05T01:01:05.635863,,
172,text/plain; charset=utf-8,0.152,c889dd9321cf0fdcf2d2caf2be0d92cff0ec9b18a616881d108f2518c5231edc,8a7ca8f075dcf1fbe623ce58c3b71e806611e4fb623b95e7b44f8f5a8c4856e3,200,2021-10-06T01:02:00.289984,,
172,text/plain; charset=utf-8,0.143,c889dd9321cf0fdcf2d2caf2be0d92cff0ec9b18a616881d108f2518c5231edc,8a7ca8f075dcf1fbe623ce58c3b71e806611e4fb623b95e7b44f8f5a8c4856e3,200,2021-10-07T01:03:29.690456,,
172,text/plain; charset=utf-8,0.124,c889dd9321cf0fdcf2d2caf2be0d92cff0ec9b18a616881d108f2518c5231edc,8a7ca8f075dcf1fbe623ce58c3b71e806611e4fb623b95e7b44f8f5a8c4856e3,200,2021-10-08T01:04:50.173509,,
172,text/plain; charset=utf-8,0.198,c889dd9321cf0fdcf2d2caf2be0d92cff0ec9b18a616881d108f2518c5231edc,8a7ca8f075dcf1fbe623ce58c3b71e806611e4fb623b95e7b44f8f5a8c4856e3,200,2021-10-09T00:58:45.860800,,
172,text/plain; charset=utf-8,0.134,c889dd9321cf0fdcf2d2caf2be0d92cff0ec9b18a616881d108f2518c5231edc,8a7ca8f075dcf1fbe623ce58c3b71e806611e4fb623b95e7b44f8f5a8c4856e3,200,2021-10-10T01:03:02.365317,,
172,text/plain; charset=utf-8,0.129,c889dd9321cf0fdcf2d2caf2be0d92cff0ec9b18a616881d108f2518c5231edc,8a7ca8f075dcf1fbe623ce58c3b71e806611e4fb623b95e7b44f8f5a8c4856e3,200,2021-10-11T01:02:36.785877,,
172,text/plain; charset=utf-8,0.196,c889dd9321cf0fdcf2d2caf2be0d92cff0ec9b18a616881d108f2518c5231edc,8a7ca8f075dcf1fbe623ce58c3b71e806611e4fb623b95e7b44f8f5a8c4856e3,200,2021-10-12T01:05:26.748631,,
172,text/plain; charset=utf-8,0.13,c889dd9321cf0fdcf2d2caf2be0d92cff0ec9b18a616881d108f2518c5231edc,8a7ca8f075dcf1fbe623ce58c3b71e806611e4fb623b95e7b44f8f5a8c4856e3,200,2021-10-13T01:03:22.331586,,
172,text/plain; charset=utf-8,0.11,c889dd9321cf0fdcf2d2caf2be0d92cff0ec9b18a616881d108f2518c5231edc,8a7ca8f075dcf1fbe623ce58c3b71e806611e4fb623b95e7b44f8f5a8c4856e3,200,2021-10-14T01:00:27.641392,,
172,text/plain; charset=utf-8,0.154,c889dd9321cf0fdcf2d2caf2be0d92cff0ec9b18a616881d108f2518c5231edc,8a7ca8f075dcf1fbe623ce58c3b71e806611e4fb623b95e7b44f8f5a8c4856e3,200,2021-10-15T01:05:16.505853,,
172,text/plain; charset=utf-8,0.138,c889dd9321cf0fdcf2d2caf2be0d92cff0ec9b18a616881d108f2518c5231edc,8a7ca8f075dcf1fbe623ce58c3b71e806611e4fb623b95e7b44f8f5a8c4856e3,200,2021-10-16T01:07:00.707715,,
172,text/plain; charset=utf-8,0.188,c889dd9321cf0fdcf2d2caf2be0d92cff0ec9b18a616881d108f2518c5231edc,8a7ca8f075dcf1fbe623ce58c3b71e806611e4fb623b95e7b44f8f5a8c4856e3,200,2021-10-17T01:02:33.149555,,
172,text/plain; charset=utf-8,0.153,c889dd9321cf0fdcf2d2caf2be0d92cff0ec9b18a616881d108f2518c5231edc,8a7ca8f075dcf1fbe623ce58c3b71e806611e4fb623b95e7b44f8f5a8c4856e3,200,2021-10-18T01:05:17.057474,,
172,text/plain; charset=utf-8,0.131,c889dd9321cf0fdcf2d2caf2be0d92cff0ec9b18a616881d108f2518c5231edc,8a7ca8f075dcf1fbe623ce58c3b71e806611e4fb623b95e7b44f8f5a8c4856e3,200,2021-10-19T01:05:32.967518,,
172,text/plain; charset=utf-8,0.145,c889dd9321cf0fdcf2d2caf2be0d92cff0ec9b18a616881d108f2518c5231edc,8a7ca8f075dcf1fbe623ce58c3b71e806611e4fb623b95e7b44f8f5a8c4856e3,200,2021-10-20T01:05:13.811331,,
172,text/plain; charset=utf-8,0.135,c889dd9321cf0fdcf2d2caf2be0d92cff0ec9b18a616881d108f2518c5231edc,8a7ca8f075dcf1fbe623ce58c3b71e806611e4fb623b95e7b44f8f5a8c4856e3,200,2021-10-21T01:08:26.110310,,
172,text/plain; charset=utf-8,0.205,c889dd9321cf0fdcf2d2caf2be0d92cff0ec9b18a616881d108f2518c5231edc,8a7ca8f075dcf1fbe623ce58c3b71e806611e4fb623b95e7b44f8f5a8c4856e3,200,2021-10-22T01:13:03.890174,,
172,text/plain; charset=utf-8,0.189,c889dd9321cf0fdcf2d2caf2be0d92cff0ec9b18a616881d108f2518c5231edc,8a7ca8f075dcf1fbe623ce58c3b71e806611e4fb623b95e7b44f8f5a8c4856e3,200,2021-10-23T01:03:43.428023,,
172,text/plain; charset=utf-8,0.131,c889dd9321cf0fdcf2d2caf2be0d92cff0ec9b18a616881d108f2518c5231edc,8a7ca8f075dcf1fbe623ce58c3b71e806611e4fb623b95e7b44f8f5a8c4856e3,200,2021-10-24T01:02:20.929631,,
172,text/plain; charset=utf-8,0.153,c889dd9321cf0fdcf2d2caf2be0d92cff0ec9b18a616881d108f2518c5231edc,8a7ca8f075dcf1fbe623ce58c3b71e806611e4fb623b95e7b44f8f5a8c4856e3,200,2021-10-25T01:03:43.620956,,
172,text/plain; charset=utf-8,0.125,c889dd9321cf0fdcf2d2caf2be0d92cff0ec9b18a616881d108f2518c5231edc,8a7ca8f075dcf1fbe623ce58c3b71e806611e4fb623b95e7b44f8f5a8c4856e3,200,2021-10-26T00:59:07.516309,,
172,text/plain; charset=utf-8,0.15,c889dd9321cf0fdcf2d2caf2be0d92cff0ec9b18a616881d108f2518c5231edc,8a7ca8f075dcf1fbe623ce58c3b71e806611e4fb623b95e7b44f8f5a8c4856e3,200,2021-10-27T00:58:45.265156,,
172,text/plain; charset=utf-8,0.125,c889dd9321cf0fdcf2d2caf2be0d92cff0ec9b18a616881d108f2518c5231edc,8a7ca8f075dcf1fbe623ce58c3b71e806611e4fb623b95e7b44f8f5a8c4856e3,200,2021-10-28T01:00:13.730406,,
172,text/plain; charset=utf-8,0.137,c889dd9321cf0fdcf2d2caf2be0d92cff0ec9b18a616881d108f2518c5231edc,8a7ca8f075dcf1fbe623ce58c3b71e806611e4fb623b95e7b44f8f5a8c4856e3,200,2021-10-29T00:58:09.741499,,
172,text/plain; charset=utf-8,0.131,c889dd9321cf0fdcf2d2caf2be0d92cff0ec9b18a616881d108f2518c5231edc,8a7ca8f075dcf1fbe623ce58c3b71e806611e4fb623b95e7b44f8f5a8c4856e3,200,2021-10-30T00:58:31.011541,,
172,text/plain; charset=utf-8,0.201,c889dd9321cf0fdcf2d2caf2be0d92cff0ec9b18a616881d108f2518c5231edc,8a7ca8f075dcf1fbe623ce58c3b71e806611e4fb623b95e7b44f8f5a8c4856e3,200,2021-10-31T01:02:47.764454,,
172,text/plain; charset=utf-8,0.128,c889dd9321cf0fdcf2d2caf2be0d92cff0ec9b18a616881d108f2518c5231edc,8a7ca8f075dcf1fbe623ce58c3b71e806611e4fb623b95e7b44f8f5a8c4856e3,200,2021-11-01T01:03:13.593735,,
172,text/plain; charset=utf-8,0.115,c889dd9321cf0fdcf2d2caf2be0d92cff0ec9b18a616881d108f2518c5231edc,8a7ca8f075dcf1fbe623ce58c3b71e806611e4fb623b95e7b44f8f5a8c4856e3,200,2021-11-02T01:02:29.930562,,
172,text/plain; charset=utf-8,0.142,c889dd9321cf0fdcf2d2caf2be0d92cff0ec9b18a616881d108f2518c5231edc,8a7ca8f075dcf1fbe623ce58c3b71e806611e4fb623b95e7b44f8f5a8c4856e3,200,2021-11-03T00:59:52.892255,,
172,text/plain; charset=utf-8,0.14,c889dd9321cf0fdcf2d2caf2be0d92cff0ec9b18a616881d108f2518c5231edc,8a7ca8f075dcf1fbe623ce58c3b71e806611e4fb623b95e7b44f8f5a8c4856e3,200,2021-11-04T01:00:31.594573,,
172,text/plain; charset=utf-8,0.112,c889dd9321cf0fdcf2d2caf2be0d92cff0ec9b18a616881d108f2518c5231edc,8a7ca8f075dcf1fbe623ce58c3b71e806611e4fb623b95e7b44f8f5a8c4856e3,200,2021-11-05T00:59:57.086755,,
172,text/plain; charset=utf-8,0.21,c889dd9321cf0fdcf2d2caf2be0d92cff0ec9b18a616881d108f2518c5231edc,8a7ca8f075dcf1fbe623ce58c3b71e806611e4fb623b95e7b44f8f5a8c4856e3,200,2021-11-06T00:58:43.097533,,
172,text/plain; charset=utf-8,0.204,c889dd9321cf0fdcf2d2caf2be0d92cff0ec9b18a616881d108f2518c5231edc,8a7ca8f075dcf1fbe623ce58c3b71e806611e4fb623b95e7b44f8f5a8c4856e3,200,2021-11-07T01:02:34.624506,,
172,text/plain; charset=utf-8,0.129,c889dd9321cf0fdcf2d2caf2be0d92cff0ec9b18a616881d108f2518c5231edc,8a7ca8f075dcf1fbe623ce58c3b71e806611e4fb623b95e7b44f8f5a8c4856e3,200,2021-11-08T01:00:37.085836,,
172,text/plain; charset=utf-8,0.124,c889dd9321cf0fdcf2d2caf2be0d92cff0ec9b18a616881d108f2518c5231edc,8a7ca8f075dcf1fbe623ce58c3b71e806611e4fb623b95e7b44f8f5a8c4856e3,200,2021-11-09T01:01:21.750613,,
172,text/plain; charset=utf-8,0.133,c889dd9321cf0fdcf2d2caf2be0d92cff0ec9b18a616881d108f2518c5231edc,8a7ca8f075dcf1fbe623ce58c3b71e806611e4fb623b95e7b44f8f5a8c4856e3,200,2021-11-10T01:00:33.542360,,
172,text/plain; charset=utf-8,0.222,c889dd9321cf0fdcf2d2caf2be0d92cff0ec9b18a616881d108f2518c5231edc,8a7ca8f075dcf1fbe623ce58c3b71e806611e4fb623b95e7b44f8f5a8c4856e3,200,2021-11-11T01:01:50.609191,,
172,text/plain; charset=utf-8,0.127,c889dd9321cf0fdcf2d2caf2be0d92cff0ec9b18a616881d108f2518c5231edc,8a7ca8f075dcf1fbe623ce58c3b71e806611e4fb623b95e7b44f8f5a8c4856e3,200,2021-11-12T01:02:05.003567,,
172,text/plain; charset=utf-8,0.124,c889dd9321cf0fdcf2d2caf2be0d92cff0ec9b18a616881d108f2518c5231edc,8a7ca8f075dcf1fbe623ce58c3b71e806611e4fb623b95e7b44f8f5a8c4856e3,200,2021-11-13T00:59:26.243206,,
172,text/plain; charset=utf-8,0.139,c889dd9321cf0fdcf2d2caf2be0d92cff0ec9b18a616881d108f2518c5231edc,8a7ca8f075dcf1fbe623ce58c3b71e806611e4fb623b95e7b44f8f5a8c4856e3,200,2021-11-14T01:02:42.132595,,
172,text/plain; charset=utf-8,0.151,c889dd9321cf0fdcf2d2caf2be0d92cff0ec9b18a616881d108f2518c5231edc,8a7ca8f075dcf1fbe623ce58c3b71e806611e4fb623b95e7b44f8f5a8c4856e3,200,2021-11-15T01:00:41.617947,,
172,text/plain; charset=utf-8,0.118,c889dd9321cf0fdcf2d2caf2be0d92cff0ec9b18a616881d108f2518c5231edc,8a7ca8f075dcf1fbe623ce58c3b71e806611e4fb623b95e7b44f8f5a8c4856e3,200,2021-11-16T01:01:13.861975,,
172,text/plain; charset=utf-8,0.12,c889dd9321cf0fdcf2d2caf2be0d92cff0ec9b18a616881d108f2518c5231edc,8a7ca8f075dcf1fbe623ce58c3b71e806611e4fb623b95e7b44f8f5a8c4856e3,200,2021-11-17T01:00:55.052081,,
172,text/plain; charset=utf-8,0.132,c889dd9321cf0fdcf2d2caf2be0d92cff0ec9b18a616881d108f2518c5231edc,8a7ca8f075dcf1fbe623ce58c3b71e806611e4fb623b95e7b44f8f5a8c4856e3,200,2021-11-18T01:01:19.230575,,
172,text/plain; charset=utf-8,0.273,c889dd9321cf0fdcf2d2caf2be0d92cff0ec9b18a616881d108f2518c5231edc,8a7ca8f075dcf1fbe623ce58c3b71e806611e4fb623b95e7b44f8f5a8c4856e3,200,2021-11-19T01:01:09.672254,,
172,text/plain; charset=utf-8,0.132,c889dd9321cf0fdcf2d2caf2be0d92cff0ec9b18a616881d108f2518c5231edc,8a7ca8f075dcf1fbe623ce58c3b71e806611e4fb623b95e7b44f8f5a8c4856e3,200,2021-11-20T00:59:38.415977,,
172,text/plain; charset=utf-8,0.21,c889dd9321cf0fdcf2d2caf2be0d92cff0ec9b18a616881d108f2518c5231edc,8a7ca8f075dcf1fbe623ce58c3b71e806611e4fb623b95e7b44f8f5a8c4856e3,200,2021-11-21T01:03:01.010308,,
172,text/plain; charset=utf-8,0.123,c889dd9321cf0fdcf2d2caf2be0d92cff0ec9b18a616881d108f2518c5231edc,8a7ca8f075dcf1fbe623ce58c3b71e806611e4fb623b95e7b44f8f5a8c4856e3,200,2021-11-22T01:01:52.119599,,
172,text/plain; charset=utf-8,0.135,c889dd9321cf0fdcf2d2caf2be0d92cff0ec9b18a616881d108f2518c5231edc,8a7ca8f075dcf1fbe623ce58c3b71e806611e4fb623b95e7b44f8f5a8c4856e3,200,2021-11-23T01:00:37.424787,,
172,text/plain; charset=utf-8,0.165,c889dd9321cf0fdcf2d2caf2be0d92cff0ec9b18a616881d108f2518c5231edc,8a7ca8f075dcf1fbe623ce58c3b71e806611e4fb623b95e7b44f8f5a8c4856e3,200,2021-11-24T01:00:27.673917,,
172,text/plain; charset=utf-8,0.118,c889dd9321cf0fdcf2d2caf2be0d92cff0ec9b18a616881d108f2518c5231edc,8a7ca8f075dcf1fbe623ce58c3b71e806611e4fb623b95e7b44f8f5a8c4856e3,200,2021-11-25T01:01:40.247581,,
172,text/plain; charset=utf-8,0.109,c889dd9321cf0fdcf2d2caf2be0d92cff0ec9b18a616881d108f2518c5231edc,8a7ca8f075dcf1fbe623ce58c3b71e806611e4fb623b95e7b44f8f5a8c4856e3,200,2021-11-26T00:59:38.202091,,
172,text/plain; charset=utf-8,0.121,c889dd9321cf0fdcf2d2caf2be0d92cff0ec9b18a616881d108f2518c5231edc,8a7ca8f075dcf1fbe623ce58c3b71e806611e4fb623b95e7b44f8f5a8c4856e3,200,2021-11-27T00:59:05.663960,,
172,text/plain; charset=utf-8,0.158,c889dd9321cf0fdcf2d2caf2be0d92cff0ec9b18a616881d108f2518c5231edc,8a7ca8f075dcf1fbe623ce58c3b71e806611e4fb623b95e7b44f8f5a8c4856e3,200,2021-11-28T01:02:26.224308,,
172,text/plain; charset=utf-8,0.174,c889dd9321cf0fdcf2d2caf2be0d92cff0ec9b18a616881d108f2518c5231edc,8a7ca8f075dcf1fbe623ce58c3b71e806611e4fb623b95e7b44f8f5a8c4856e3,200,2021-11-29T01:01:06.968507,,
172,text/plain; charset=utf-8,0.162,c889dd9321cf0fdcf2d2caf2be0d92cff0ec9b18a616881d108f2518c5231edc,8a7ca8f075dcf1fbe623ce58c3b71e806611e4fb623b95e7b44f8f5a8c4856e3,200,2021-11-30T01:01:42.129809,,
172,text/plain; charset=utf-8,0.131,c889dd9321cf0fdcf2d2caf2be0d92cff0ec9b18a616881d108f2518c5231edc,8a7ca8f075dcf1fbe623ce58c3b71e806611e4fb623b95e7b44f8f5a8c4856e3,200,2021-12-01T01:05:16.575390,,
172,text/plain; charset=utf-8,0.156,c889dd9321cf0fdcf2d2caf2be0d92cff0ec9b18a616881d108f2518c5231edc,8a7ca8f075dcf1fbe623ce58c3b71e806611e4fb623b95e7b44f8f5a8c4856e3,200,2021-12-02T01:01:53.390068,,
172,text/plain; charset=utf-8,0.15,c889dd9321cf0fdcf2d2caf2be0d92cff0ec9b18a616881d108f2518c5231edc,8a7ca8f075dcf1fbe623ce58c3b71e806611e4fb623b95e7b44f8f5a8c4856e3,200,2021-12-03T01:01:26.478899,,
172,text/plain; charset=utf-8,0.14,c889dd9321cf0fdcf2d2caf2be0d92cff0ec9b18a616881d108f2518c5231edc,8a7ca8f075dcf1fbe623ce58c3b71e806611e4fb623b95e7b44f8f5a8c4856e3,200,2021-12-04T01:01:22.643517,,
172,text/plain; charset=utf-8,0.153,c889dd9321cf0fdcf2d2caf2be0d92cff0ec9b18a616881d108f2518c5231edc,8a7ca8f075dcf1fbe623ce58c3b71e806611e4fb623b95e7b44f8f5a8c4856e3,200,2021-12-05T01:06:48.426129,,
172,text/plain; charset=utf-8,0.158,c889dd9321cf0fdcf2d2caf2be0d92cff0ec9b18a616881d108f2518c5231edc,8a7ca8f075dcf1fbe623ce58c3b71e806611e4fb623b95e7b44f8f5a8c4856e3,200,2021-12-06T01:04:16.308934,,
172,text/plain; charset=utf-8,0.177,c889dd9321cf0fdcf2d2caf2be0d92cff0ec9b18a616881d108f2518c5231edc,8a7ca8f075dcf1fbe623ce58c3b71e806611e4fb623b95e7b44f8f5a8c4856e3,200,2021-12-07T01:04:53.314573,,
172,text/plain; charset=utf-8,0.274,c889dd9321cf0fdcf2d2caf2be0d92cff0ec9b18a616881d108f2518c5231edc,8a7ca8f075dcf1fbe623ce58c3b71e806611e4fb623b95e7b44f8f5a8c4856e3,200,2021-12-08T01:04:46.846353,,
172,text/plain; charset=utf-8,0.125,c889dd9321cf0fdcf2d2caf2be0d92cff0ec9b18a616881d108f2518c5231edc,8a7ca8f075dcf1fbe623ce58c3b71e806611e4fb623b95e7b44f8f5a8c4856e3,200,2021-12-09T01:02:55.197110,,
